check,actual,expected,tolerance,status
original_rows,1067371,1067371,0.0,PASS
cleaned_staging_rows,1033036,1033036,0.0,PASS
analytical_sales_rows,1007913,1007913,0.0,PASS
orders,40077,40077,0.0,PASS
identified_customers,5878,5878,0.0,PASS
products,4745,4745,0.0,PASS
date_min,2009-12-01,2009-12-01,0.0,PASS
date_max,2011-12-09,2011-12-09,0.0,PASS
total_revenue_gbp,20476260.45,20476260.45,0.01,PASS
units_sold,11205148,11205148,0.0,PASS
average_order_value_gbp,510.92,510.92,0.01,PASS
duplicates_removed,34335,34335,0.0,PASS
repeat_customer_rate,0.723886,0.723886,1e-06,PASS
repeat_customers,4255,4255,0.0,PASS
uk_revenue_gbp,17410196.12,17410196.12,0.01,PASS
uk_revenue_share,0.850262,0.850262,1e-06,PASS
top_10_customer_share,0.136113,0.136113,1e-06,PASS
top_10_product_share,0.103197,0.103197,1e-06,PASS
peak_month,2011-11-01,2011-11-01,0.0,PASS
peak_month_revenue_gbp,1503866.78,1503866.78,0.01,PASS
peak_month_orders,2769,2769,0.0,PASS
